{ "frames": [
   {
    "filename": "NanoPhage 0.aseprite",
    "frame": { "x": 0, "y": 0, "w": 200, "h": 54 },
    "rotated": false,
    "trimmed": false,
    "spriteSourceSize": { "x": 0, "y": 0, "w": 200, "h": 54 },
    "sourceSize": { "w": 200, "h": 54 },
    "duration": 100
   },
   {
    "filename": "NanoPhage 1.aseprite",
    "frame": { "x": 200, "y": 0, "w": 200, "h": 54 },
    "rotated": false,
    "trimmed": false,
    "spriteSourceSize": { "x": 0, "y": 0, "w": 200, "h": 54 },
    "sourceSize": { "w": 200, "h": 54 },
    "duration": 50
   },
   {
    "filename": "NanoPhage 2.aseprite",
    "frame": { "x": 400, "y": 0, "w": 200, "h": 54 },
    "rotated": false,
    "trimmed": false,
    "spriteSourceSize": { "x": 0, "y": 0, "w": 200, "h": 54 },
    "sourceSize": { "w": 200, "h": 54 },
    "duration": 50
   },
   {
    "filename": "NanoPhage 3.aseprite",
    "frame": { "x": 600, "y": 0, "w": 200, "h": 54 },
    "rotated": false,
    "trimmed": false,
    "spriteSourceSize": { "x": 0, "y": 0, "w": 200, "h": 54 },
    "sourceSize": { "w": 200, "h": 54 },
    "duration": 50
   },
   {
    "filename": "NanoPhage 4.aseprite",
    "frame": { "x": 800, "y": 0, "w": 200, "h": 54 },
    "rotated": false,
    "trimmed": false,
    "spriteSourceSize": { "x": 0, "y": 0, "w": 200, "h": 54 },
    "sourceSize": { "w": 200, "h": 54 },
    "duration": 50
   },
   {
    "filename": "NanoPhage 5.aseprite",
    "frame": { "x": 1000, "y": 0, "w": 200, "h": 54 },
    "rotated": false,
    "trimmed": false,
    "spriteSourceSize": { "x": 0, "y": 0, "w": 200, "h": 54 },
    "sourceSize": { "w": 200, "h": 54 },
    "duration": 50
   },
   {
    "filename": "NanoPhage 6.aseprite",
    "frame": { "x": 1200, "y": 0, "w": 200, "h": 54 },
    "rotated": false,
    "trimmed": false,
    "spriteSourceSize": { "x": 0, "y": 0, "w": 200, "h": 54 },
    "sourceSize": { "w": 200, "h": 54 },
    "duration": 50
   },
   {
    "filename": "NanoPhage 7.aseprite",
    "frame": { "x": 1400, "y": 0, "w": 200, "h": 54 },
    "rotated": false,
    "trimmed": false,
    "spriteSourceSize": { "x": 0, "y": 0, "w": 200, "h": 54 },
    "sourceSize": { "w": 200, "h": 54 },
    "duration": 50
   },
   {
    "filename": "NanoPhage 8.aseprite",
    "frame": { "x": 1600, "y": 0, "w": 200, "h": 54 },
    "rotated": false,
    "trimmed": false,
    "spriteSourceSize": { "x": 0, "y": 0, "w": 200, "h": 54 },
    "sourceSize": { "w": 200, "h": 54 },
    "duration": 50
   }
 ],
 "meta": {
  "app": "http://www.aseprite.org/",
  "version": "1.2.18-x64",
  "image": "NanoPhage.png",
  "format": "RGBA8888",
  "size": { "w": 1800, "h": 54 },
  "scale": "1",
  "frameTags": [
   { "name": "idle", "from": 0, "to": 0, "direction": "forward" },
   { "name": "boom", "from": 1, "to": 8, "direction": "forward" }
  ],
  "layers": [
   { "name": "Layer 1", "opacity": 255, "blendMode": "normal" },
   { "name": "Layer 2", "opacity": 255, "blendMode": "normal" }
  ],
  "slices": [
  ]
 }
}
