{ "frames": [
   {
    "filename": "Button.aseprite",
    "frame": { "x": 0, "y": 0, "w": 16, "h": 16 },
    "rotated": false,
    "trimmed": false,
    "spriteSourceSize": { "x": 0, "y": 0, "w": 16, "h": 16 },
    "sourceSize": { "w": 16, "h": 16 },
    "duration": 100
   }
 ],
 "meta": {
  "app": "http://www.aseprite.org/",
  "version": "1.2.18-x64",
  "image": "Button.png",
  "format": "RGBA8888",
  "size": { "w": 16, "h": 16 },
  "scale": "1",
  "frameTags": [
   { "name": "idle", "from": 0, "to": 0, "direction": "forward" }
  ],
  "layers": [
   { "name": "Layer 1", "opacity": 255, "blendMode": "normal" }
  ],
  "slices": [
  ]
 }
}
