{ "frames": [
   {
    "filename": "Coffea 0.aseprite",
    "frame": { "x": 0, "y": 0, "w": 11, "h": 12 },
    "rotated": false,
    "trimmed": false,
    "spriteSourceSize": { "x": 0, "y": 0, "w": 11, "h": 12 },
    "sourceSize": { "w": 11, "h": 12 },
    "duration": 100
   },
   {
    "filename": "Coffea 1.aseprite",
    "frame": { "x": 11, "y": 0, "w": 11, "h": 12 },
    "rotated": false,
    "trimmed": false,
    "spriteSourceSize": { "x": 0, "y": 0, "w": 11, "h": 12 },
    "sourceSize": { "w": 11, "h": 12 },
    "duration": 100
   },
   {
    "filename": "Coffea 2.aseprite",
    "frame": { "x": 22, "y": 0, "w": 11, "h": 12 },
    "rotated": false,
    "trimmed": false,
    "spriteSourceSize": { "x": 0, "y": 0, "w": 11, "h": 12 },
    "sourceSize": { "w": 11, "h": 12 },
    "duration": 100
   },
   {
    "filename": "Coffea 3.aseprite",
    "frame": { "x": 33, "y": 0, "w": 11, "h": 12 },
    "rotated": false,
    "trimmed": false,
    "spriteSourceSize": { "x": 0, "y": 0, "w": 11, "h": 12 },
    "sourceSize": { "w": 11, "h": 12 },
    "duration": 100
   }
 ],
 "meta": {
  "app": "http://www.aseprite.org/",
  "version": "1.2.18-x64",
  "image": "Coffea.png",
  "format": "RGBA8888",
  "size": { "w": 44, "h": 12 },
  "scale": "1",
  "frameTags": [
   { "name": "harvest", "from": 0, "to": 3, "direction": "forward" }
  ],
  "layers": [
   { "name": "Layer 1", "opacity": 255, "blendMode": "normal" }
  ],
  "slices": [
  ]
 }
}
