{ "frames": [
   {
    "filename": "EnemyVirus 0.aseprite",
    "frame": { "x": 0, "y": 0, "w": 16, "h": 16 },
    "rotated": false,
    "trimmed": false,
    "spriteSourceSize": { "x": 0, "y": 0, "w": 16, "h": 16 },
    "sourceSize": { "w": 16, "h": 16 },
    "duration": 200
   },
   {
    "filename": "EnemyVirus 1.aseprite",
    "frame": { "x": 16, "y": 0, "w": 16, "h": 16 },
    "rotated": false,
    "trimmed": false,
    "spriteSourceSize": { "x": 0, "y": 0, "w": 16, "h": 16 },
    "sourceSize": { "w": 16, "h": 16 },
    "duration": 200
   }
 ],
 "meta": {
  "app": "http://www.aseprite.org/",
  "version": "1.2.16.3-x64",
  "image": "EnemyVirus.png",
  "format": "RGBA8888",
  "size": { "w": 32, "h": 16 },
  "scale": "1",
  "frameTags": [
   { "name": "play", "from": 0, "to": 1, "direction": "forward" }
  ],
  "layers": [
   { "name": "Layer 1", "opacity": 255, "blendMode": "normal" }
  ],
  "slices": [
  ]
 }
}
